subfamily	reference	category4	productCode	groupCode	associationGroup	calculationType	discount	friendlyName
BLACK OUT	ANGORA	2180	ENRSTDBOANGWHI	324	ENRSTD	NormalProduct	0	Enrollable Standard Black Out Angora White sin Cabezal Pvc Free
BLACK OUT	BOHEMIAN	1212	ENRSTDBOBOGR	308	ENRSTD	NormalProduct	0	Enrollable Standard Black Out Bohemian Grey sin Cabezal
BLACK OUT	CASTLE BLACKOUT	644	ENRSTDBOCASOFWH	308	ENRSTD	NormalProduct	0	Enrollable Standard Black Out Castle Off White sin Cabezal
BLACK OUT	DEL CARMEN BLACKOUT	1163	ENRSTDBODECAWH	308	ENRSTD	NormalProduct	0	Enrollable Standard Black Out Del Carmen White sin Cabezal
BLACK OUT	ESTUCO BLACKOUT	387	ENRSTDBONO26600173	308	ENRSTD	NormalProduct	0	Enrollable Standard Black Out Estuco Off White sin Cabezal
BLACK OUT	FELICE	1207	ENRSTDBOFEBR	306	ENRSTD	NormalProduct	0	Enrollable Standard Black Out Felice Brown sin Cabezal
BLACK OUT	FLORENCE BLACKOUT	393	ENRSTDBOFLOBL00572	309	ENRSTD	NormalProduct	0	Enrollable Standard Black Out Florence Black sin Cabezal
BLACK OUT	FOAMY	2252	ENRSTDBOFOABLA	308	ENRSTD	NormalProduct	0	Enrollable Standard Black Out Foamy Black sin Cabezal Pvc Free
BLACK OUT	HIKER	1213	ENRSTDBOHIWH	308	ENRSTD	NormalProduct	0	Enrollable Standard Black Out Hiker White sin Cabezal
BLACK OUT	HOLBOX BLACKOUT	1164	ENRSTDBOHOCR	308	ENRSTD	NormalProduct	0	Enrollable Standard Black Out Holbox Cream sin Cabezal
BLACK OUT	IMAGINE BLACKOUT	696	ENRSTDBOIMAFRWHI	306	ENRSTD	NormalProduct	0	Enrollable Standard Black Out Imagine FR White sin Cabezal
BLACK OUT	IRIS BLACKOUT FR	774	ENRSTDBOIRBOFRAS	324	ENRSTD	NormalProduct	0	Enrollable Standard Black Out Iris Blackout FR Ash sin Cabezal
BLACK OUT	JERSEY	948	ENRSTDBOJEWHSI	308	ENRSTD	NormalProduct	0	Enrollable Standard Black Out Jersey White Silver sin Cabezal
BLACK OUT	LINK BLACKOUT	642	ENRSTDBOLI17600813	324	ENRSTD	NormalProduct	0	Enrollable Standard Black Out Link Chocolate sin Cabezal
BLACK OUT	MAGESTIC II	102	ENRSTDBOMAG90109494	306	ENRSTD	NormalProduct	0	Enrollable Standard Black Out Magestic II Coffee sin Cabezal
BLACK OUT	MÁRMOL	884	ENRSTDBOMARBLA	306	ENRSTD	NormalProduct	0	Enrollable Standard Black Out Marmol Blanco sin Cabezal
BLACK OUT	MATRIX	2136	ENRSTDBOMATWH	308	ENRSTD	NormalProduct	0	Enrollable Standard Black Out Matrix White sin Cabezal
BLACK OUT	MATTE	117	ENRSTDBOMA090	306	ENRSTD	NormalProduct	0	Enrollable Standard Black Out Matte Blanco sin Cabezal
BLACK OUT	MATTE 3	118	ENRSTDBOMA3090	599	ENRSTD	NormalProduct	0	Enrollable Standard Black Out Matte 3 Blanco sin Cabezal
BLACK OUT	MATTE 3 INSTITUCIONAL (MAS DE 30 M2)	1149	ENRSTDBOMAIN3090	599	ENRSTD	NormalProduct	0	Enrollable Standard Black Out Matte 3 Institucional Blanco sin Cabezal
BLACK OUT	MATTE BÁSICO 1.83	841	ENRSTDBOMAT090	306	ENRBAS	NormalProduct	0	Enrollables Standard / Platina Mecanismos Genericos Blackout Matte Basico 1.83m Blanco
BLACK OUT	MATTE BÁSICO 2.50	897	ENRSTDBOMAT0902.50	306	ENRBAS	NormalProduct	0	Enrollables Standard / Platina Mecanismos Genericos Blackout Matte Basico 2.50m Blanco
BLACK OUT	MATTE INSTITUCIONAL (MAS DE 30 M2)	273	ENRSTDBOINMA090	306	ENRSTD	NormalProduct	0	Enrollable Standard Black Out Institucional Matte Blanco sin Cabezal
BLACK OUT	MIMO BLACKOUT	852	ENRSTDBOMIMWH	324	ENRSTD	NormalProduct	0	Enrollable Standard Black Out Mimo White sin Cabezal
BLACK OUT	MIST BLACKOUT	767	ENRSTDBOMIDI	324	ENRSTD	NormalProduct	0	Enrollable Standard Black Out Mist Dissy sin Cabezal
BLACK OUT	MOIRE BLACKOUT	124	ENRSTDBOMO082	307	ENRSTD	NormalProduct	0	Enrollable Standard Black Out Moire Blanco sin Cabezal
BLACK OUT	NAPOLI	1160	ENRSTDBONAWH	308	ENRSTD	NormalProduct	0	Enrollable Standard Black Out Napoli White sin Cabezal
BLACK OUT	NOCHE BLACKOUT	135	ENRSTDBONO26600172	308	ENRSTD	NormalProduct	0	Enrollable Standard Black Out Noche Off White sin Cabezal
BLACK OUT	NOLITE II BLACKOUT	138	ENRSTDBONOL992006001	309	ENRSTD	NormalProduct	0	Enrollable Standard Black Out Nolite II White sin Cabezal
BLACK OUT	OAXACA BLACKOUT	1165	ENRSTDBOOXCR	308	ENRSTD	NormalProduct	0	Enrollable Standard Black Out Oaxaca Cream sin Cabezal
BLACK OUT	PEXELS	2181	ENRSTDBOPEXBRA	306	ENRSTD	NormalProduct	0	Enrollable Standard Black Out Pexels Branch sin Cabezal Pvc Free
BLACK OUT	PORTO	2288	ENRSTDBOPORBEI	308	ENRSTD	NormalProduct	0	Enrollable Standard Black Out Porto Beige sin Cabezal (PVC Free)
BLACK OUT	PRINTED BLACKOUT	339	ENRSTDBOPR95254220	306	ENRSTD	NormalProduct	0	Enrollable Standard Black Out Printed Children Yellow sin Cabezal
BLACK OUT	ROO BLACKOUT	1162	ENRSTDBOROWHGO	308	ENRSTD	NormalProduct	0	Enrollable Standard Black Out Roo White Gold sin Cabezal
BLACK OUT	SELVA	2143	ENRSTDBOSELWHBEI	308	ENRSTD	NormalProduct	0	Enrollable Standard Black Out Selva White Beige sin Cabezal
BLACK OUT	SICILIA	1161	ENRSTDBOSICR	308	ENRSTD	NormalProduct	0	Enrollable Standard Black Out Sicilia Cream sin Cabezal
BLACK OUT	SOLION BLACKOUT	640	ENRSTDBOSO737301	324	ENRSTD	NormalProduct	0	Enrollable Standard Black Out Solion Cream sin Cabezal
BLACK OUT	STAR	2253	ENRSTDBOSTACOB	308	ENRSTD	NormalProduct	0	Enrollable Standard Black Out Star Cobalt sin Cabezal Pvc Free
BLACK OUT	SUEDE BLACKOUT	220	ENRSTDBOSU401001	310	ENRSTD	NormalProduct	0	Enrollable Standard Black Out Suede White sin Cabezal
BLACK OUT	SUNLESS BLACKOUT	1166	ENRSTDBOSUWH	308	ENRSTD	NormalProduct	0	Enrollable Standard Black Out Sunless White sin Cabezal
BLACK OUT	SUNSCREEN	2285	ENRSTDBOSUNWH/WH	308	ENRSTD	NormalProduct	0	Enrollable Standard Black Out Sunscreen White/White sin Cabezal
BLACK OUT	TERCIO	2251	ENRSTDBOTERWHI	308	ENRSTD	NormalProduct	0	Enrollable Standard Black Out Tercio White sin Cabezal Pvc Free
BLACK OUT	TRACKER	2072	ENRSTBOTRWHSAN	308	ENRSTD	NormalProduct	0	Enrollable Standard Black Out Tracker White Sand sin Cabezal
BLACK OUT	VELVET BLACKOUT	849	ENRSTDBOVELGRE	324	ENRSTD	NormalProduct	0	Enrollable Standard Black Out Velvet Grey sin Cabezal
BLACK OUT	WEAVE	2286	ENRSTDBOWEACHR	308	ENRSTD	NormalProduct	0	Enrollable Standard Black Out Weave Chrome sin Cabezal PVC Free
BLACK OUT	ZIAME	958	ENRSTDBOZIAWHI	306	ENRSTD	NormalProduct	0	Enrollable Standard Black Out Ziame White sin Cabezal
SCREEN	SCREEN 320 (20%)	193	ENRSTDSC20902100	313	ENRSTD	NormalProduct	0	Enrollable Standard Screen 320 White Grey sin Cabezal
SCREEN	SCREEN DIFUSE	955	ENRSTDSCDIFWHLIGR	324	ENRSTD	NormalProduct	0	Enrollable Standard Screen Difuse White Light Grey sin Cabezal
SCREEN	SCREEN ECO CRYSTAL	749	ENRSTDSCECCRYWHI	313	ENRSTD	NormalProduct	0	Enrollable Standard Screen Eco Crystal White sin Cabezal
SCREEN	SCREEN ECOVISION 1000	179	ENRSTDSC22907000	320	ENRSTD	NormalProduct	0	Enrollable Standard Screen Eco Vision 1000 Beige sin Cabezal
SCREEN	SCREEN ECOVISION 3000	477	ENRSTDSC28401000	321	ENRSTD	NormalProduct	0	Enrollable Standard Screen Eco Vision 3000 Pure White sin Cabezal
SCREEN	SCREEN ESSENTIAL 3001 1%	615	ENRSTDSCGENESBEPEG1	316	ENRSTD	NormalProduct	0	Enrollable Standard Screen Essential 3001 1% Beige Pearl Grey sin Cabezal
SCREEN	SCREEN ESSENTIAL 3001 1% INSTITUCIONAL (MAS DE 30M2)	616	ENRSTDSCINGENESBPG1	316	ENRSTD	NormalProduct	0	Enrollable Standard Screen Essential 3001 1% Inst. Beige Pearl Grey sin Cabezal
SCREEN	SCREEN ESSENTIAL 3003 3%	617	ENRSTDSCGENESBEPEG3	316	ENRSTD	NormalProduct	0	Enrollable Standard Screen Essential 3003 3% Beige Pearl Grey sin Cabezal
SCREEN	SCREEN ESSENTIAL 3003 3% INSTITUCIONAL (MAS DE 30M2)	618	ENRSTDSCINGENESBPG3	316	ENRSTD	NormalProduct	0	Enrollable Standard Screen Essential 3003 3% Inst. Beige Pearl Grey sin Cabezal
SCREEN	SCREEN ESSENTIAL 3005 5%	619	ENRSTDSCGENESBEPEG5	316	ENRSTD	NormalProduct	0	Enrollable Standard Screen Essential 3005 5% Beige Pearl Grey sin Cabezal
SCREEN	SCREEN ESSENTIAL 3005 5% INSTITUCIONAL (MAS DE 30M2)	620	ENRSTDSCINGENESBPG5	316	ENRSTD	NormalProduct	0	Enrollable Standard Screen Essential 3005 5% Inst. Beige Pearl Grey sin Cabezal
SCREEN	SCREEN ESSENTIAL 3010 10%	621	ENRSTDSCGENESBPEG10	316	ENRSTD	NormalProduct	0	Enrollable Standard Screen Essential 3010 10% Beige Pearl Grey sin Cabezal
SCREEN	SCREEN ESSENTIAL 3010 10% INSTITUCIONAL (MAS DE 30M2)	622	ENRSTDSCINGENESBPG10	316	ENRSTD	NormalProduct	0	Enrollable Standard Screen Essential 3010 10% Inst. Beige Pearl Grey sin Cabezal
SCREEN	SCREEN ESTUCO	698	ENRSTDSCESWH	324	ENRSTD	NormalProduct	0	Enrollable Standard Screen Estuco White sin Cabezal
SCREEN	SCREEN FACE OFF 3%	961	ENRSTDSCFAOF3WHBL	324	ENRSTD	NormalProduct	0	Enrollable Standard Screen Face Off 3% White Black sin Cabezal
SCREEN	SCREEN JACQUARD DECORATIVE  BASTIA	184	ENRSTDSCJAC10047396	313	ENRSTD	NormalProduct	0	Enrollable Standard Screen Jacguard Bastia White sin Cabezal
SCREEN	SCREEN JACQUARD DECORATIVE  PROVENCE	188	ENRSTDSCJAC10047605	313	ENRSTD	NormalProduct	0	Enrollable Standard Screen Jacguard Provence White sin Cabezal
SCREEN	SCREEN JACQUARD DECORATIVE  SKETCH	2071	ENRSTDSCJADESKBRWH	324	ENRSTD	NormalProduct	0	Enrollable Standard Screen Jacquard Decorative Sketch Bright White sin Cabezal
SCREEN	SCREEN JACQUARD DECORATIVE ASTOR	183	ENRSTDSCJAC10047501	313	ENRSTD	NormalProduct	0	Enrollable Standard Screen Jacguard Decorative Astor Metal Black sin Cabezal
SCREEN	SCREEN JACQUARD DECORATIVE BIAGIO	639	ENRSTDSCJACBIWHLI	313	ENRSTD	NormalProduct	0	Enrollable Standard Screen Jacguard Biagio White Linen sin Cabezal
SCREEN	SCREEN JACQUARD DECORATIVE CÓRCEGA	1214	ENRSTDSCCOWH	324	ENRSTD	NormalProduct	0	Enrollable Standard Screen Jacquard Corcega White sin Cabezal
SCREEN	SCREEN JACQUARD DECORATIVE CRYSTAL	185	ENRSTDSCJAC10047702	313	ENRSTD	NormalProduct	0	Enrollable Standard Screen Jacguard Crystal White sin Cabezal
SCREEN	SCREEN JACQUARD DECORATIVE DESERT	2182	ENRSTDSCJADEWHIGRE	324	ENRSTD	NormalProduct	0	Enrollable Standard Screen Jacquard Decorative Desert White Grey sin Cabezal
SCREEN	SCREEN JACQUARD DECORATIVE EXPRESSIONS	388	ENRSTDSCJAC10047814	313	ENRSTD	NormalProduct	0	Enrollable Standard Screen Jacguard Decorative Expressions White Crystal sin Cabezal
SCREEN	SCREEN JACQUARD DECORATIVE NIRVANA	186	ENRSTDSCJAC10047404	313	ENRSTD	NormalProduct	0	Enrollable Standard Screen Jacquard Nirvana Crystalline sin Cabezal
SCREEN	SCREEN JACQUARD DECORATIVE PAPUA	1215	ENRSTDSCPAPWH	324	ENRSTD	NormalProduct	0	Enrollable Standard Screen Jacquard Papua White sin Cabezal
SCREEN	SCREEN JACQUARD DECORATIVE PRIVAS	187	ENRSTDSCJAC10047123	313	ENRSTD	NormalProduct	0	Enrollable Standard Screen Jacguard Privas White Grey sin Cabezal
SCREEN	SCREEN JACQUARD DECORATIVE QUEEN	1097	ENRSTDSCJADEQUEBAM	324	ENRSTD	NormalProduct	0	Enrollable Standard Screen Jacquard Decorative Queen Bambi sin Cabezal
SCREEN	SCREEN JACQUARD DECORATIVE RAINS	341	ENRSTDSCJAC10047905	313	ENRSTD	NormalProduct	0	Enrollable Standard Screen Jacguard Rains Brown sin Cabezal
SCREEN	SCREEN JACQUARD DECORATIVE SILVERY	2287	ENRSTDSCSIL3WHI	312	ENRSTD	NormalProduct	0	Enrollable Standard Screen Jacquard Decorative Silvery 3% White sin Cabezal
SCREEN	SCREEN JACQUARD DECORATIVE STYLO	2257	ENRSTDSCJACSTYCHAL	324	ENRSTD	NormalProduct	0	Enrollable Standard Screen Jacquard Stylo Chalk sin Cabezal
SCREEN	SCREEN JACQUARD DECORATIVE TREASURES	661	ENRSTDSCJACTRWHPE	313	ENRSTD	NormalProduct	0	Enrollable Standard Screen Jacguard Treasure White Pearl sin Cabezal
SCREEN	SCREEN JACQUARD DECORATIVE WAVES	340	ENRSTDSCJAC10047903	313	ENRSTD	NormalProduct	0	Enrollable Standard Screen Jacguard Waves Cappucino sin Cabezal
SCREEN	SCREEN JACQUARD DECORATIVE YORK	189	ENRSTDSCJAC10047804	313	ENRSTD	NormalProduct	0	Enrollable Standard Screen Jacguard York Wine sin Cabezal
SCREEN	SCREEN LINO	957	ENRSTDSCLINWHI	324	ENRSTD	NormalProduct	0	Enrollable Standard Screen Lino White sin Cabezal
SCREEN	SCREEN PARKET	962	ENRSTDSCPAWH	324	ENRSTD	NormalProduct	0	Enrollable Standard Screen Parkert White sin Cabezal
SCREEN	SCREEN SILVER BACK 5%	954	ENRSTDSCBA5WHBE	319	ENRSTD	NormalProduct	0	Enrollable Standard Screen Silver Back 5% White Beige sin Cabezal
SCREEN	SCREEN SPLENDOUR AMAZON	1093	ENRSTDSCSPAMWH	324	ENRSTD	NormalProduct	0	Enrollable Standard Screen Splendour Amazon White sin Cabezal
SCREEN	SCREEN SPLENDOUR BAMBOO	1087	ENRSTDSCSPBABE	324	ENRSTD	NormalProduct	0	Enrollable Standard Screen Splendour Bamboo Beige sin Cabezal
SCREEN	SCREEN SPLENDOUR EXPLORE	1092	ENRSTDSCSPEXBR	324	ENRSTD	NormalProduct	0	Enrollable Standard Screen Splendour Explore Bronce sin Cabezal
SCREEN	SCREEN SPLENDOUR GLAMOUR	1088	ENRSTDSCSPGLAPE	324	ENRSTD	NormalProduct	0	Enrollable Standard Screen Splendour Glamour Pearl sin Cabezal
SCREEN	SCREEN SPLENDOUR GLOW	1090	ENRSTDSCSPGLWH	324	ENRSTD	NormalProduct	0	Enrollable Standard Screen Splendour Glow White sin Cabezal
SCREEN	SCREEN SPLENDOUR NOBLE	1091	ENRSTDSCSPNOGO	324	ENRSTD	NormalProduct	0	Enrollable Standard Screen Splendour Noble Gold sin Cabezal
SCREEN	SCREEN SPLENDOUR STYLE	1089	ENRSTDSCSPSTCOBR	324	ENRSTD	NormalProduct	0	Enrollable Standard Screen Splendour Style Cooper Brown sin Cabezal
SCREEN	SCREEN TRETTO 1% LAGRIMA	2168	ENRSTDVTXSCTRE1WHBL	324	ENRSTD	NormalProduct	0	Enrollable Standard / Lagrima y Mecanismos VTX ScreenTretto 1% White Black sin Cabezal
SCREEN	SCREEN TRETTO 1% LAGRIMA INSTITUCIONAL (MAS DE 30M2)	2169	ENRSTDVTXSCINTRE1WB	324	ENRSTD	NormalProduct	0	Enrollable Standard / Lagrima y Mecanismos VTX ScreenTretto 1% Inst. White Black sin Cabezal
SCREEN	SCREEN TRETTO 1% PLATINA	2167	ENRSTDSCTRE1WHBL	318	ENRBAS	NormalProduct	0	Enrollable Standard/ Platina y Mecanismos Genericos Screen Tretto 1% White Black sin Cabezal
SCREEN	SCREEN TRETTO 1% PLATINA INSTITUCIONAL (MAS DE 30M2)	2170	ENRSTDSCINTRE1WHBL	318	ENRBAS	NormalProduct	0	Enrollable Standard/ Platina y Mecanismos Genericos Screen Tretto 1% Inst. White Black sin Cabezal
SCREEN	SCREEN TRETTO 10% LAGRIMA	932	ENRSTDVTXSCTRE10WHBL	324	ENRSTD	NormalProduct	0	Enrollable Standard / Lagrima y Mecanismos VTX ScreenTretto 10% White Black sin Cabezal
SCREEN	SCREEN TRETTO 10% LAGRIMA INSTITUCIONAL (MAS DE 30M2)	933	ENRSTDVTXSCINTRE10WB	324	ENRSTD	NormalProduct	0	Enrollable Standard / Lagrima y Mecanismos VTX ScreenTretto 10% Inst. White Black sin Cabezal
SCREEN	SCREEN TRETTO 10% PLATINA	931	ENRSTDSCTRE10WHBL	318	ENRBAS	NormalProduct	0	Enrollable Standard/ Platina y Mecanismos Genericos Screen Tretto 10% White Black sin Cabezal
SCREEN	SCREEN TRETTO 10% PLATINA INSTITUCIONAL (MAS DE 30M2)	934	ENRSTDSCINTRE10WHBL	318	ENRBAS	NormalProduct	0	Enrollable Standard/ Platina y Mecanismos Genericos Screen Tretto 10% Inst. White Black sin Cabezal
SCREEN	SCREEN TRETTO 3% LAGRIMA	938	ENRSTDVTXSCTRE3WHBL	324	ENRSTD	NormalProduct	0	Enrollable Standard / Lagrima y Mecanismos VTX ScreenTretto 3% White Black sin Cabezal
SCREEN	SCREEN TRETTO 3% LAGRIMA INSTITUCIONAL (MAS DE 30M2)	939	ENRSTDVTXSCINTRE3WB	324	ENRSTD	NormalProduct	0	Enrollable Standard / Lagrima y Mecanismos VTX ScreenTretto 3% Inst. White Black sin Cabezal
SCREEN	SCREEN TRETTO 3% PLATINA	937	ENRSTDSCTRE3WHBL	318	ENRBAS	NormalProduct	0	Enrollable Standard/ Platina y Mecanismos Genericos Screen Tretto 3% White Black sin Cabezal
SCREEN	SCREEN TRETTO 3% PLATINA INSTITUCIONAL (MAS DE 30M2)	940	ENRSTDSCINTRE3WHBL	318	ENRBAS	NormalProduct	0	Enrollable Standard/ Platina y Mecanismos Genericos Screen Tretto 3% Inst. White Black sin Cabezal
SCREEN	SCREEN TRETTO 5% LAGRIMA	945	ENRSTDVTXSCTRE5WHBL	324	ENRSTD	NormalProduct	0	Enrollable Standard / Lagrima y Mecanismos VTX ScreenTretto 5% White Black sin Cabezal
SCREEN	SCREEN TRETTO 5% LAGRIMA INSTITUCIONAL (MAS DE 30M2)	946	ENRSTDVTXSCINTRE5WB	324	ENRSTD	NormalProduct	0	Enrollable Standard / Lagrima y Mecanismos VTX ScreenTretto 5% Inst. White Black sin Cabezal
SCREEN	SCREEN TRETTO 5% PLATINA	944	ENRSTDSCTRE5WHBL	318	ENRBAS	NormalProduct	0	Enrollable Standard/ Platina y Mecanismos Genericos Screen Tretto 5% White Black sin Cabezal
SCREEN	SCREEN TRETTO 5% PLATINA INSTITUCIONAL (MAS DE 30M2)	947	ENRSTDSCINTRE5WHBL	318	ENRBAS	NormalProduct	0	Enrollable Standard/ Platina y Mecanismos Genericos Screen Tretto 5% Inst. White Black sin Cabezal
SCREEN	SCREEN TRIL	870	ENRSTDSCTRIWH	324	ENRSTD	NormalProduct	0	Enrollable Standard Screen Tril White sin Cabezal
SCREEN	SCREEN ULTIMATE COUTURE	290	ENRSTDSCULCOMODE	313	ENRSTD	NormalProduct	0	Enrollable Standard Screen Ultimate Couture Mojave Dessert sin Cabezal
SCREEN	SCREEN ULTIMATE JACQUARD FINE	592	ENRSTDSCULJACFIFO	313	ENRSTD	NormalProduct	0	Enrollable Standard Screen Ultimate Jacquard Fine Fog sin Cabezal
SCREEN	SCREEN ULTIMATE JACQUARD LINEN	2258	ENRSTDSCULJALIRA	313	ENRSTD	NormalProduct	0	Enrollable Standard Screen Ultimate Jacquard Linen Raven sin Cabezal
SCREEN	SCREEN ULTIMATE JACQUARD NATURE	2259	ENRSTDSCULJANASW	313	ENRSTD	NormalProduct	0	Enrollable Standard Screen Ultimate Jacquard Nature Snow White sin Cabezal
SCREEN	SCREEN ULTIMATE JACQUARD NOVO	1657	ENRSTDSCULTJANOSW	313	ENRSTD	NormalProduct	0	Enrollable Standard Screen Ultimate Jacquard Novo Snow White sin Cabezal
SCREEN	SCREEN VISION 314 (14%)	192	ENRSTDSC21301020	312	ENRSTD	NormalProduct	0	Enrollable Standard Screen 314 Linen White sin Cabezal
SCREEN	SCREEN VISION 314 SILVER	653	ENRSTDSC314SIBR	319	ENRSTD	NormalProduct	0	Enrollable Standard Screen Vision 314 Silver Bronze sin Cabezal
SCREEN	SCREEN VISION 350 (10%)	194	ENRSTDSC21106100	314	ENRSTD	NormalProduct	0	Enrollable Standard Screen 350 Bronze Grey sin Cabezal
SCREEN	SCREEN VISION 350 INSTITUCIONAL (MAS DE 30M2)	323	ENRSTDSCIN21122000VI	314	ENRSTD	NormalProduct	0	Enrollable Standard Screen Vision 350 Institucional White Linen sin Cabezal
SCREEN	SCREEN VISION 350 STYLES (10%)	195	ENRSTDSC41700500	323	ENRSTD	NormalProduct	0	Enrollable Standard Screen Styles 350 Silver sin Cabezal
SCREEN	SCREEN VISION 351 (1%)	196	ENRSTDSC41522000	315	ENRSTD	NormalProduct	0	Enrollable Standard Screen 351 White Linen sin Cabezal
SCREEN	SCREEN VISION 550 (5%)	197	ENRSTDSC21001700	316	ENRSTD	NormalProduct	0	Enrollable Standard Screen 550 Ash sin Cabezal
SCREEN	SCREEN VISION 550 INSTITUCIONAL (MAS DE 30M2)	324	ENRSTDSCINS21001700	316	ENRSTD	NormalProduct	0	Enrollable Standard Screen 550 Institucional Ash sin Cabezal
SCREEN	SCREEN VISION 597 (7%)	198	ENRSTDSC41422000	317	ENRSTD	NormalProduct	0	Enrollable Standard Screen 597 White Linen sin Cabezal
SCREEN	SCREEN VISION 650 (3%)	199	ENRSTDSC21222000	318	ENRSTD	NormalProduct	0	Enrollable Standard Screen 650 White Linen sin Cabezal
SCREEN	SCREEN VISION BALI	658	ENRSTDSCVIBAWH	324	ENRSTD	NormalProduct	0	Enrollable Standard Screen Vision Ensenada Bali White sin Cabezal
SCREEN	SCREEN VISION CALICO I	200	ENRSTDSC421007	673	ENRSTD	NormalProduct	0	Enrollable Standard Screen Vision Calico 550 Sand - Sand Ebony sin Cabezal
SCREEN	SCREEN VISION CALICO II	201	ENRSTDSC4210024	673	ENRSTD	NormalProduct	0	Enrollable Standard Screen Vision Calico II Terra Beige sin Cabezal
SCREEN	SCREEN VISION CONSTELLATION	378	ENRSTDSCCO50040010	316	ENRSTD	NormalProduct	0	Enrollable Standard Screen Constellation White sin Cabezal
SCREEN	SCREEN VISION CRYSTAL 550	202	ENRSTDSC4504651	319	ENRSTD	NormalProduct	0	Enrollable Standard Screen Crystal 550 Alaskan Blue sin Cabezal
SCREEN	SCREEN VISION DESIGNERS COLLECTION	178	ENRSTDSCDESBEE	313	ENRSTD	NormalProduct	0	Enrollable Standard Screen Designer Collection Beetle sin Cabezal
SCREEN	SCREEN VISION REFLECTIVE	390	ENRSTDSC2602094VIS	314	ENRSTD	NormalProduct	0	Enrollable Standard Screen Vision Reflective White Linen sin Cabezal
SCREEN	SCREEN VISION SIENNA	693	ENRSTDSCSICRBR	319	ENRSTD	NormalProduct	0	Enrollable Standard Screen Vision Sienna Crystal Brown sin Cabezal
SCREEN	SCREEN VISION SPICE	659	ENRSTDSCSPASH	319	ENRSTD	NormalProduct	0	Enrollable Standard Screen Vision Spice Ash sin Cabezal
TRASLUZ	ALAMO	252	ENRSTDTRALA90459000	324	ENRSTD	NormalProduct	0	Enrollable Standard Trasluz Alamo White sin Cabezal
TRASLUZ	AMORE	2324	ENRSTDTRAMCO	326	ENRSTD	NormalProduct	0	Enrollable Standard Trasluz Amore Cotton (10% Lino) sin Cabezal
TRASLUZ	ANGKOR	9	ENRSTDTRAN819002	324	ENRSTD	NormalProduct	0	Enrollable Standard Trasluz Angkor Cocoa sin Cabezal
TRASLUZ	ANIRAK	867	ENRSTDTRANIDAOC	324	ENRSTD	NormalProduct	0	Enrollable Standard Trasluz Anirak Dark Ocean sin Cabezal
TRASLUZ	ASTORIA	16	ENRSTDTRAS90251010	327	ENRSTD	NormalProduct	0	Enrollable Standard Trasluz Astoria White sin Cabezal
TRASLUZ	AUDREY	17	ENRSTDTRAU90408001	324	ENRSTD	NormalProduct	0	Enrollable Standard Trasluz Audrey White sin Cabezal
TRASLUZ	BAYA	665	ENRSTDTRBAWH	324	ENRSTD	NormalProduct	0	Enrollable Standard Trasluz Baya White sin Cabezal
TRASLUZ	BLISS	261	ENRSTDTRBL17600214	324	ENRSTD	NormalProduct	0	Enrollable Standard Trasluz Bliss Gold Stone sin Cabezal
TRASLUZ	BORDEAUX	37	ENRSTDTRBOR8227002	566	ENRSTD	NormalProduct	0	Enrollable Standard Trasluz Bordeaux White sin Cabezal
TRASLUZ	BRIDA TREVIRA	763	ENRSTDTRBRTRCARO	324	ENRSTD	NormalProduct	0	Enrollable Standard Trasluz Brida Trevira Castle Rock sin Cabezal
TRASLUZ	BRISA	903	ENRSTDTRBRIBLA	324	ENRSTD	NormalProduct	0	Enrollable Standard Trasluz Brisa Blanco sin Cabezal
TRASLUZ	BUCKINGHAM	299	ENRSTDTRBUC90657004	324	ENRSTD	NormalProduct	0	Enrollable Standard Trasluz Buckingham Dinasty sin Cabezal
TRASLUZ	CALAIS	42	ENRSTDTRCA500	326	ENRSTD	NormalProduct	0	Enrollable Standard Trasluz Calais Blanco sin Cabezal
TRASLUZ	CAPADOCCIA	345	ENRSTDTRCAP767616	324	ENRSTD	NormalProduct	0	Enrollable Standard Trasluz Capadoccia Conmi White sin Cabezal
TRASLUZ	CERSEI	664	ENRSTDTRCERWH	324	ENRSTD	NormalProduct	0	Enrollable Standard Trasluz Cersei White sin Cabezal
TRASLUZ	CLAIRE	53	ENRSTDTRCL22405000	327	ENRSTD	NormalProduct	0	Enrollable Standard Trasluz Claire Beige sin Cabezal
TRASLUZ	ECOSCREEN	2325	ENRSTDTRECOAL	326	ENRSTD	NormalProduct	0	Enrollable Standard Trasluz Ecoscreen Algodón (100% poliester) sin Cabezal
TRASLUZ	EDIMBURG	68	ENRSTDTRED818304	328	ENRSTD	NormalProduct	0	Enrollable Standard Trasluz Edimburg Blue sin Cabezal
TRASLUZ	ELYSEE	70	ENRSTDTREL801202	329	ENRSTD	NormalProduct	0	Enrollable Standard Trasluz Elysee Alabaster sin Cabezal
TRASLUZ	EXQUISITE I	71	ENRSTDTREX40207001	330	ENRSTD	NormalProduct	0	Enrollable Standard Trasluz Exquisite I White sin Cabezal
TRASLUZ	EXQUISITTE II	72	ENRSTDTREX40208003	331	ENRSTD	NormalProduct	0	Enrollable Standard Trasluz Exquisite II Clear Lines White sin Cabezal
TRASLUZ	FANTASY	73	ENRSTDTRFA90810	602	ENRSTD	NormalProduct	0	Enrollable Standard Trasluz Fantasy White sin Cabezal
TRASLUZ	FERRARA	666	ENRSTDTRFEBEI	602	ENRSTD	NormalProduct	0	Enrollable Standard Trasluz Ferrara Beige sin Cabezal
TRASLUZ	FORTALEZA TREVIRA	768	ENRSTDTRFOTRSA	326	ENRSTD	NormalProduct	0	Enrollable Standard Trasluz Fortaleza Trevira Sand sin Cabezal
TRASLUZ	FRESH LINEN	952	ENRSTDTRFRLICR	324	ENRSTD	NormalProduct	0	Enrollable Standard Trasluz Fresh Linen Cream sin Cabezal
TRASLUZ	GALWAY	77	ENRSTDTRAGA1266	565	ENRSTD	NormalProduct	0	Enrollable Standard Trasluz Galway Lieve sin Cabezal
TRASLUZ	GARDEN	769	ENRSTDTRGABL	324	ENRSTD	NormalProduct	0	Enrollable Standard Trasluz Garden Black sin Cabezal
TRASLUZ	GRACE	80	ENRSTDTRGR90409005	324	ENRSTD	NormalProduct	0	Enrollable Standard Trasluz Grace Chocolate sin Cabezal
TRASLUZ	GRACE MONALISA	506	ENRSTDTRGRMOBL	324	ENRSTD	NormalProduct	0	Enrollable Standard Trasluz Grace Monalisa Black sin Cabezal
TRASLUZ	GRACE STONE	497	ENRSTDTRGRSTWH	324	ENRSTD	NormalProduct	0	Enrollable Standard Trasluz Grace Stone White sin Cabezal
TRASLUZ	GRAPHIC	757	ENRSTDTRGRDRCR	324	ENRSTD	NormalProduct	0	Enrollable Standard Trasluz Graphic Drop Cream sin Cabezal
TRASLUZ	HIVE TRASLUZ	348	ENRSTDTRHI17600912	324	ENRSTD	NormalProduct	0	Enrollable Standard Trasluz Hive Beige sin Cabezal
TRASLUZ	ICONIC	953	ENRSTDTRICOWHDAGR	324	ENRSTD	NormalProduct	0	Enrollable Standard Trasluz Iconic White Dark Grey sin Cabezal
TRASLUZ	IMAGINE BRIGHT	346	ENRSTDTRIM17600514	324	ENRSTD	NormalProduct	0	Enrollable Standard Trasluz Imagine Bright Bronze sin Cabezal
TRASLUZ	ÍMPETU	651	ENRSTDTRIMHOWH	602	ENRSTD	NormalProduct	0	Enrollable Standard Trasluz Impetu Hojas White sin Cabezal
TRASLUZ	IMPETU GUADUALES	689	ENRSTDTRIMGUWH	602	ENRSTD	NormalProduct	0	Enrollable Standard Trasluz Impetu Guaduales White sin Cabezal
TRASLUZ	KNOX	850	ENRSTDTRKNOALA	324	ENRSTD	NormalProduct	0	Enrollable Standard Trasluz Knox Alabaster sin Cabezal
TRASLUZ	LANISTER	650	ENRSTDTRLANAZ	324	ENRSTD	NormalProduct	0	Enrollable Standard Trasluz Lanister Azurre sin Cabezal
TRASLUZ	LEOPARD	300	ENRSTDTRLEO90754000	324	ENRSTD	NormalProduct	0	Enrollable Standard Trasluz Leopard White sin Cabezal
TRASLUZ	LIATRIS	772	ENRSTDTRLITOWH	602	ENRSTD	NormalProduct	0	Enrollable Standard Trasluz Liatris Touch White sin Cabezal
TRASLUZ	LINEN	97	ENRSTDTRLI22102000	332	ENRSTD	NormalProduct	0	Enrollable Standard Trasluz Linen Custard sin Cabezal
TRASLUZ	LINIO	864	ENRSTDTRLINBEI	324	ENRSTD	NormalProduct	0	Enrollable Standard Trasluz Linio Beige sin Cabezal
TRASLUZ	LINK TRASLUZ	302	ENRSTDTRLI19018020	332	ENRSTD	NormalProduct	0	Enrollable Standard Trasluz Link Chocolate sin Cabezal
TRASLUZ	LIVERPOOL	99	ENRSTDTRLI801211	333	ENRSTD	NormalProduct	0	Enrollable Standard Trasluz Liverpool Tan sin Cabezal
TRASLUZ	LOOK	753	ENRSTDTRLOWHI	324	ENRSTD	NormalProduct	0	Enrollable Standard Trasluz Look White sin Cabezal
TRASLUZ	LOUIS	865	ENRSTDTRLOUBEI	324	ENRSTD	NormalProduct	0	Enrollable Standard Trasluz Louis Beige sin Cabezal
TRASLUZ	LUNA	343	ENRSTDTRLU17600311	324	ENRSTD	NormalProduct	0	Enrollable Standard Trasluz Luna Beige sin Cabezal
TRASLUZ	MAGIC	800	ENRSTDTRMABE	324	ENRSTD	NormalProduct	0	Enrollable Standard Trasluz Magic Beige sin Cabezal
TRASLUZ	MATIZ	106	ENRSTDTRMAT28100600	334	ENRSTD	NormalProduct	0	Enrollable Standard Trasluz Matiz Coffe sin Cabezal
TRASLUZ	MATIZ TRASLUZ  II	107	ENRSTDTRMAT982006014	334	ENRSTD	NormalProduct	0	Enrollable Standard Trasluz Matiz II Black sin Cabezal
TRASLUZ	MIAMI SPICE	122	ENRSTDTRMI506	335	ENRSTD	NormalProduct	0	Enrollable Standard Trasluz Miami Spice Mixed Beige sin Cabezal
TRASLUZ	NATURA	2326	ENRSTDTRNAWHLI	326	ENRSTD	NormalProduct	0	Enrollable Standard Trasluz Natura White Linen (5%Lino) sin Cabezal
TRASLUZ	NEOCLASSIC	133	ENRSTDTRNE23705000	336	ENRSTD	NormalProduct	0	Enrollable Standard Trasluz Neoclassic Burgundy sin Cabezal
TRASLUZ	NIZA	663	ENRSTDTRNIOFW	324	ENRSTD	NormalProduct	0	Enrollable Standard Trasluz Niza Off White sin Cabezal
TRASLUZ	OTOÑO	900	ENRSTDTROTOBLA	324	ENRSTD	NormalProduct	0	Enrollable Standard Trasluz Otoño Blanco sin Cabezal
TRASLUZ	OXFORD	146	ENRSTDTROX816022	337	ENRSTD	NormalProduct	0	Enrollable Standard Trasluz Oxford Alabaster sin Cabezal
TRASLUZ	PALACE	298	ENRSTDTRPAL90558004	324	ENRSTD	NormalProduct	0	Enrollable Standard Trasluz Palace Chocolate sin Cabezal
TRASLUZ	PEBBLES	283	ENRSTDTRPE3003005	324	ENRSTD	NormalProduct	0	Enrollable Standard Trasluz Pebbles Dark Grey sin Cabezal
TRASLUZ	PETRA	344	ENRSTDTRPET757501	324	ENRSTD	NormalProduct	0	Enrollable Standard Trasluz Petra Collar White sin Cabezal
TRASLUZ	PLANET	285	ENRSTDTRPL50607080	324	ENRSTD	NormalProduct	0	Enrollable Standard Trasluz Planet Off White sin Cabezal
TRASLUZ	PRECIOUS	863	ENRSTDTRPREWH	324	ENRSTD	NormalProduct	0	Enrollable Standard Trasluz Precius White sin Cabezal
TRASLUZ	PRET-A-PORTER	383	ENRSTDPRET21001001	324	ENRSTD	NormalProduct	0	Enrollable Standard Trasluz London Pret-a-Porter White sin Cabezal
TRASLUZ	PRIMI	754	ENRSTDTRPRIWH	324	ENRSTD	NormalProduct	0	Enrollable Standard Trasluz Primi White sin Cabezal
TRASLUZ	PRINTED ECOVISION 3000	523	ENRSTDTREC3000PRMA	338	ENRSTD	NormalProduct	0	Enrollable Standard Trasluz Printed Ecovision 3000 Marshmallow sin Cabezal
TRASLUZ	PRINTED MODERN	803	ENRSTDTRPRMOES	565	ENRSTD	NormalProduct	0	Enrollable Standard Trasluz Printed Modern Espigas sin Cabezal
TRASLUZ	PRINTED TRASLUZ  A,B,C,D,E,F	159	ENRSTDTRPR95254205	324	ENRSTD	NormalProduct	0	Enrollable Standard Trasluz Printed B Dunas White sin Cabezal
TRASLUZ	PRINTED TRASLUZ  MASTERPIECE	330	ENRSTDTRPR103052	324	ENRSTD	NormalProduct	0	Enrollable Standard Trasluz Printed Master pieces Bachata White sin Cabezal
TRASLUZ	PRINTED TRASLUZ 2012	331	ENRSTDTRPR95266021	324	ENRSTD	NormalProduct	0	Enrollable Standard Trasluz Printed 2012 Lignes White sin Cabezal
TRASLUZ	PRINTED TRASLUZ GRACE	301	ENRSTDTRPR3404096	338	ENRSTD	NormalProduct	0	Enrollable Standard Trasluz Printed Grace Autum sin Cabezal
TRASLUZ	PROCTOR	160	ENRSTDTRPR2515080117	324	ENRSTD	NormalProduct	0	Enrollable Standard Trasluz Proctor Navy Blue sin Cabezal
TRASLUZ	REAL	901	ENRSTDTRREABLA	324	ENRSTD	NormalProduct	0	Enrollable Standard Trasluz Real Blanco sin Cabezal
TRASLUZ	RENAISSANCE	655	ENRSTDTRRENWH	324	ENRSTD	NormalProduct	0	Enrollable Standard Trasluz Renaissance White sin Cabezal
TRASLUZ	RIA TREVIRA	756	ENRSTDTRRITRWOWH	324	ENRSTD	NormalProduct	0	Enrollable Standard Trasluz Ria Trevira Wool White sin Cabezal
TRASLUZ	RIALTO	853	ENRSTDTRRIAWHI	324	ENRSTD	NormalProduct	0	Enrollable Standard Trasluz Rialto White sin Cabezal
TRASLUZ	RICHMOND TREVIRA	760	ENRSTDTRRITRWH	324	ENRSTD	NormalProduct	0	Enrollable Standard Trasluz Richmond Trevira White sin Cabezal
TRASLUZ	ROMA	164	ENRSTDTRRO68609000	338	ENRSTD	NormalProduct	0	Enrollable Standard Trasluz Roma Bordeaux sin Cabezal
TRASLUZ	SALVADOR TREVIRA	758	ENRSTDTRSATROPWH	324	ENRSTD	NormalProduct	0	Enrollable Standard Trasluz Salvador Trevira Optical White sin Cabezal
TRASLUZ	SCARLET	171	ENRSTDTRSCA90351040	327	ENRSTD	NormalProduct	0	Enrollable Standard Trasluz Scarlet Black sin Cabezal
TRASLUZ	SPIDER	801	ENRSTDTRSPWH	324	ENRSTD	NormalProduct	0	Enrollable Standard Trasluz Spider White sin Cabezal
TRASLUZ	SUMMER	765	ENRSTDTRSUMWH	324	ENRSTD	NormalProduct	0	Enrollable Standard Trasluz Summer White sin Cabezal
TRASLUZ	TAPIZ	866	ENRSTDTRTAPGRE	324	ENRSTD	NormalProduct	0	Enrollable Standard Trasluz Tapiz Grey sin Cabezal
TRASLUZ	TREVIRA FRANKFURT	662	ENRSTDTRTREFRWH	324	ENRSTD	NormalProduct	0	Enrollable Standard Trasluz Trevira Frankfurt White sin Cabezal
TRASLUZ	TULUM	370	ENRSTDTRTO1700410	324	ENRSTD	NormalProduct	0	Enrollable Standard Trasluz Tulum White sin Cabezal
TRASLUZ	URBAN STRIPE	230	ENRSTDTRURB90815	571	ENRSTD	NormalProduct	0	Enrollable Standard Trasluz Urban White sin Cabezal
TRASLUZ	VERSALLES	473	ENRSTDTRVERWHSI	324	ENRSTD	NormalProduct	0	Enrollable Standard Trasluz Versalles White Silver sin Cabezal
TRASLUZ	VISUALLE I	240	ENRSTDTRVI4009001	339	ENRSTD	NormalProduct	0	Enrollable Standard Trasluz Visualle I White sin Cabezal
TRASLUZ	VISUALLE II	241	ENRSTDTRVI4007701	340	ENRSTD	NormalProduct	0	Enrollable Standard Trasluz Visualle II White sin Cabezal
TRASLUZ	VITALE	327	ENRSTDVIT643004	324	ENRSTD	NormalProduct	0	Enrollable Standard Trasluz Vitale Formula one sin Cabezal
TRASLUZ	WELCH	755	ENRSTDTRWETEWH	324	ENRSTD	NormalProduct	0	Enrollable Standard Trasluz Welch Tender White sin Cabezal
TRASLUZ	WINCHESTER TREVIRA	759	ENRSTDTRWITRWH	324	ENRSTD	NormalProduct	0	Enrollable Standard Trasluz Winchester Trevira White sin Cabezal
TRASLUZ	WINDSOR	248	ENRSTDTRWI817812	341	ENRSTD	NormalProduct	0	Enrollable Standard Trasluz Windsor Beige sin Cabezal
TRASLUZ	ZIAME	958	ENRSTDTRZIAWHI	602	ENRSTD	NormalProduct	0	Enrollable Standard Trasluz Ziame White sin Cabezal
SERENADE	SERENADE ALAMO	342	ENRSTDTRSECE901074	571	ENRSTD	NormalProduct	0	Enrollable Standard Trasluz Serenade Alamo White sin Cabezal
SERENADE	SERENADE ARCADIA	690	ENRSTDTRSEARWH	324	ENRSTD	NormalProduct	0	Enrollable Standard Trasluz Serenade Arcadia White sin Cabezal
SERENADE	SERENADE BAMBOO	732	ENRSTDTRSEBAMWH	571	ENRSTD	NormalProduct	0	Enrollable Standard Trasluz Serenade Bamboo White sin Cabezal
SERENADE	SERENADE BAVARO	699	ENRSTDTRSEBABRO	571	ENRSTD	NormalProduct	0	Enrollable Standard Trasluz Serenade Bavaro Brown sin Cabezal
SERENADE	SERENADE BORA BORA	392	ENRSTDTRSEBOBOWHI	573	ENRSTD	NormalProduct	0	Enrollable Standard Trasluz Serenade Bora Bora White sin Cabezal
SERENADE	SERENADE BOUCLÉ	733	ENRSTDTRSEBOUBE	571	ENRSTD	NormalProduct	0	Enrollable Standard Trasluz Serenade Boucle Beige sin Cabezal
SERENADE	SERENADE CEZANE	203	ENRSTDTRSECE901160	571	ENRSTD	NormalProduct	0	Enrollable Standard Trasluz Serenade Cezane White sin Cabezal
SERENADE	SERENADE CEZANE MAGIC	646	ENRSTDTRSECEIVMA	324	ENRSTD	NormalProduct	0	Enrollable Standard Trasluz Serenade Cezane Ivory Magic sin Cabezal
SERENADE	SERENADE CRYSTAL BÁSICOS	647	ENRSTDTRSEEL901150	571	ENRSTD	NormalProduct	0	Enrollable Standard Trasluz Serenade Crystal White sin Cabezal
SERENADE	SERENADE CRYSTAL ESPECIALES	204	ENRSTDTRSECRCHIV	573	ENRSTD	NormalProduct	0	Enrollable Standard Trasluz Serenade Crystal Chrome Ivory sin Cabezal
SERENADE	SERENADE DIMARE	736	ENRSTDTRSEDIMBE	571	ENRSTD	NormalProduct	0	Enrollable Standard Trasluz Serenade Dimare Beige sin Cabezal
SERENADE	SERENADE ELEGANCE	205	ENRSTDTRSEEL901034	571	ENRSTD	NormalProduct	0	Enrollable Standard Trasluz Serenade Elegance Beige sin Cabezal
SERENADE	SERENADE FENER	635	ENRSTDTRSEFECH	571	ENRSTD	NormalProduct	0	Enrollable Standard Trasluz Serenade Fener Chocolate sin Cabezal
SERENADE	SERENADE FIJI	391	ENRSTDTRSEFIBLWH1000	573	ENRSTD	NormalProduct	0	Enrollable Standard Trasluz Serenade Fiji Black White sin Cabezal
SERENADE	SERENADE GLAMOUR	692	ENRSTDTRSEGLAGR	573	ENRSTD	NormalProduct	0	Enrollable Standard Trasluz Serenade Glamour Grey sin Cabezal
SERENADE	SERENADE HONEY	748	ENRSTDTRSEHOWH	571	ENRSTD	NormalProduct	0	Enrollable Standard Trasluz Serenade Honey White sin Cabezal
SERENADE	SERENADE KOSTA	439	ENRSTDTRSENO901161	571	ENRSTD	NormalProduct	0	Enrollable Standard Trasluz Serenade Kosta Alabaster sin Cabezal
SERENADE	SERENADE LEOPARD	750	ENRSTDTRSELEOWHI	571	ENRSTD	NormalProduct	0	Enrollable Standard Trasluz Serenade Leopard White sin Cabezal
SERENADE	SERENADE LEVANT	638	ENRSTDTRSELEBE	571	ENRSTD	NormalProduct	0	Enrollable Standard Trasluz Serenade Levant Beige sin Cabezal
SERENADE	SERENADE MANCHESTER	206	ENRSTDTRSEMA901060	572	ENRSTD	NormalProduct	0	Enrollable Standard Trasluz Serenade Manchester White sin Cabezal
SERENADE	SERENADE MARIAN	676	ENRSTDTRSEMABL	571	ENRSTD	NormalProduct	0	Enrollable Standard Trasluz Serenade Marian Black sin Cabezal
SERENADE	SERENADE NATURAL	207	ENRSTDTRSENA901133	571	ENRSTD	NormalProduct	0	Enrollable Standard Trasluz Serenade Natural Camel sin Cabezal
SERENADE	SERENADE NIGHT	376	ENRSTDTRSE90127003	324	ENRSTD	NormalProduct	0	Enrollable Standard Trasluz Serenade Night Brown sin Cabezal
SERENADE	SERENADE NIGHT B	512	ENRSTDBOSE90127004	324	ENRSTD	NormalProduct	0	Enrollable Standard Trasluz Elegance Serenade Night B White Grey sin Cabezal
SERENADE	SERENADE NIGHT KARIBO	691	ENRSTDTRSENIKAWH	324	ENRSTD	NormalProduct	0	Enrollable Standard Trasluz Serenade Night Karibo White sin Cabezal
SERENADE	SERENADE NIGHT PUNTA CANA	700	ENRSTDTRSENIPUCACH	571	ENRSTD	NormalProduct	0	Enrollable Standard Trasluz Serenade Night Punta Cana Chocolate sin Cabezal
SERENADE	SERENADE NIGHT TURIN	751	ENRSTDTRSETUWHGR	571	ENRSTD	NormalProduct	0	Enrollable Standard Trasluz Serenade Night Turin White Grey sin Cabezal
SERENADE	SERENADE ROMANTIC	209	ENRSTDTRSERO901075	573	ENRSTD	NormalProduct	0	Enrollable Standard Trasluz Serenade Romantic Copper sin Cabezal
SERENADE	SERENADE ROMANTIC BRIGHT	648	ENRSTDTRSEROBRWH	571	ENRSTD	NormalProduct	0	Enrollable Standard Trasluz Serenade Romantic Bright White sin Cabezal
SERENADE	SERENADE ROMANTIC CURVES	649	ENRSTDTRSEROCUWHBE	571	ENRSTD	NormalProduct	0	Enrollable Standard Trasluz Serenade Romantic Curves White Beige sin Cabezal
SERENADE	SERENADE SCREEN	321	ENRSTDTRSESC101014	571	ENRSTD	NormalProduct	0	Enrollable Standard Trasluz Serenade Screen White Ash sin Cabezal
SERENADE	SERENADE SCREEN CLARK	1151	ENRSTDTRSESCCLWH	571	ENRSTD	NormalProduct	0	Enrollable Standard Trasluz Serenade Screen Clark White sin Cabezal
SERENADE	SERENADE SCREEN DIFUSE	1153	ENRSTDTRSESCDIWHBE	674	ENRSTD	NormalProduct	0	Enrollable Standard Trasluz Serenade Screen Difuse White Beige sin Cabezal
SERENADE	SERENADE SCREEN ECO	729	ENRSTDTRSCECWHBE	571	ENRSTD	NormalProduct	0	Enrollable Standard Trasluz Serenade Screen Eco White Beige sin Cabezal
SERENADE	SERENADE SCREEN GLASS	731	ENRSTDTRSCGLWHBE	571	ENRSTD	NormalProduct	0	Enrollable Standard Trasluz Serenade Screen Glass White Beige sin Cabezal
SERENADE	SERENADE SCREEN HYBRID	2313	ENRSTDTRSESCHYBLA	571	ENRSTD	NormalProduct	0	Enrollable Standard Trasluz Serenade Screen Hybrid Blanco sin Cabezal
SERENADE	SERENADE SCREEN JACQUARD ALLEN	1167	ENRSTDTRSESCJAALCR	571	ENRSTD	NormalProduct	0	Enrollable Standard Trasluz Serenade Screen Jacquard Allen Cream sin Cabezal
SERENADE	SERENADE SCREEN JACQUARD BISHOP	956	ENRSTDTRSCBIWHBR	571	ENRSTD	NormalProduct	0	Enrollable Standard Trasluz Serenade Screen Jacquard Bishop White Brown sin Cabezal
SERENADE	SERENADE SCREEN JACQUARD LOFT	963	ENRSTDTRSESCJALOWH	571	ENRSTD	NormalProduct	0	Enrollable Standard Trasluz Serenade Screen Jacquard Loft White sin Cabezal
SERENADE	SERENADE SCREEN JACQUARD SURF	949	ENRSTDTRSESCJASUWH	571	ENRSTD	NormalProduct	0	Enrollable Standard Trasluz Serenade Screen Jacquard Surf White sin Cabezal
SERENADE	SERENADE SCREEN LONDON	1988	ENRSTDTRSESCLOLIWH	571	ENRSTD	NormalProduct	0	Enrollable Standard Trasluz Serenade Screen London Lino White sin Cabezal
SERENADE	SERENADE SCREEN NICE	686	ENRSTDTRSCNIWHGO	571	ENRSTD	NormalProduct	0	Enrollable Standard Trasluz Serenade Screen Nice White Gold sin Cabezal
SERENADE	SERENADE SPECTRA	482	ENRSTDTRSERSPWHSI	573	ENRSTD	NormalProduct	0	Enrollable Standard Trasluz Serenade Spectra White Silver sin Cabezal
SERENADE	SERENADE SPECTRA DELUXE	527	ENRSTDTRSESPDEWH	573	ENRSTD	NormalProduct	0	Enrollable Standard Trasluz Serenade Spectra Deluxe White sin Cabezal
SERENADE	SERENADE SPECTRA DELUXE ISLAND	645	ENRSTDTRSESPISWH	571	ENRSTD	NormalProduct	0	Enrollable Standard Trasluz Serenade Spectra Deluxe Island White sin Cabezal
SERENADE	SERENADE TRAPEZE	389	ENRSTDTRSETRSPWH	571	ENRSTD	NormalProduct	0	Enrollable Standard Trasluz Serenade Trapeze Spine White sin Cabezal
SERENADE	SERENADE TROYES	210	ENRSTDTRSETR901180	571	ENRSTD	NormalProduct	0	Enrollable Standard Trasluz Serenade Troyes White sin Cabezal
SERENADE	SERENADE VENECIA	871	ENRSTDTRSEVENAR	571	ENRSTD	NormalProduct	0	Enrollable Standard Trasluz Serenade Venecia Arena sin Cabezal
SERENADE	SERENADE WAVES	498	ENRSTDTRSEWAWHBE	571	ENRSTD	NormalProduct	0	Enrollable Standard Trasluz Serenade Waves White Beige sin Cabezal
DIM OUT	AUTUM	776	ENRSTDDIMAUBE	340	ENRSTD	NormalProduct	0	Enrollable Standard Dim Out Autum Beige sin Cabezal
DIM OUT	BLOOM	770	ENRSTDDIMBLPE	324	ENRSTD	NormalProduct	0	Enrollable Standard Dim Out Bloom Pearl sin Cabezal
DIM OUT	BOTANIC	780	ENRSTDDIMBOBE	340	ENRSTD	NormalProduct	0	Enrollable Standard Dim Out Botanic Beige sin Cabezal
DIM OUT	DALIA	771	ENRSTDDIMDABEWH	324	ENRSTD	NormalProduct	0	Enrollable Standard Dim Out Dalia Be White sin Cabezal
DIM OUT	LOTUS	773	ENRSTDDIMLOBRWH	324	ENRSTD	NormalProduct	0	Enrollable Standard Dim Out Lotus Bright White sin Cabezal
DIM OUT	WINTER	777	ENRSTDDIMWILIGR	324	ENRSTD	NormalProduct	0	Enrollable Standard Dim Out Winter Light Grey sin Cabezal
MEMBRANA BIOCLIMÁTICA	IMPERMEABLE SOLTIS W96	843	ENRSTDMEBIIMSOLWHI	324	ENRSTD	NormalProduct	0	Enrollable Standard Membrana Bioclimatica Impermeable Soltis W96 White sin Cabezal
MEMBRANA BIOCLIMÁTICA	MICROPERFORADA SOLTIS 96	842	ENRSTDMEBIMISOWH	324	ENRSTD	NormalProduct	0	Enrollable Standard Membrana Bioclimatica Micro Perforada Soltis 96 White sin Cabezal
LONA TRANSPARENTE	LONA TRANSPARENTE	0	ENRSTDLONTRCR	324	ENRSTD	NormalProduct	0	Enrollable Standard Lona Transparente sin Cabezal
